current_month,active_players,churned_players,churn_rate
2025-08,12,10,83.33333333333333
2025-09,2,2,100.00000000000000
